-- phpMyAdmin SQL Dump
-- version 4.7.0
-- https://www.phpmyadmin.net/
--
-- Hôte : 127.0.0.1
-- Généré le :  sam. 27 avr. 2019 à 16:53
-- Version du serveur :  5.7.17
-- Version de PHP :  5.6.30

SET SQL_MODE = "NO_AUTO_VALUE_ON_ZERO";
SET AUTOCOMMIT = 0;
START TRANSACTION;
SET time_zone = "+00:00";


/*!40101 SET @OLD_CHARACTER_SET_CLIENT=@@CHARACTER_SET_CLIENT */;
/*!40101 SET @OLD_CHARACTER_SET_RESULTS=@@CHARACTER_SET_RESULTS */;
/*!40101 SET @OLD_COLLATION_CONNECTION=@@COLLATION_CONNECTION */;
/*!40101 SET NAMES utf8mb4 */;

--
-- Base de données :  `waiverless_bd`
--

-- --------------------------------------------------------

--
-- Structure de la table `classe`
--

CREATE TABLE `classe` (
  `id` bigint(20) NOT NULL,
  `libelle` varchar(255) NOT NULL,
  `valide` int(11) NOT NULL DEFAULT '1'
) ENGINE=MyISAM DEFAULT CHARSET=latin1;

--
-- Déchargement des données de la table `classe`
--

INSERT INTO `classe` (`id`, `libelle`, `valide`) VALUES
(1, 'CI', 1),
(2, 'CP', 1),
(3, 'CE1', 1),
(4, 'CE2', 1),
(5, 'CM1', 1),
(6, 'CM2', 1),
(7, '6ème', 1),
(8, '5ème', 1),
(9, '4ème', 1),
(10, '3ème', 1),
(11, '2nd', 1),
(12, '1ère', 1),
(13, 'Tle', 1),
(14, 'Université', 1);

-- --------------------------------------------------------

--
-- Structure de la table `commune`
--

CREATE TABLE `commune` (
  `id` bigint(20) NOT NULL,
  `libelle` varchar(255) NOT NULL,
  `id_departement` bigint(20) NOT NULL,
  `milieu_residence` int(11) NOT NULL,
  `type_collectivite` int(11) NOT NULL,
  `latitude` varchar(255) NOT NULL,
  `longitude` varchar(255) NOT NULL,
  `valide` int(11) NOT NULL DEFAULT '1'
) ENGINE=MyISAM DEFAULT CHARSET=latin1;

--
-- Déchargement des données de la table `commune`
--

INSERT INTO `commune` (`id`, `libelle`, `id_departement`, `milieu_residence`, `type_collectivite`, `latitude`, `longitude`, `valide`) VALUES
(1, 'Aderbissinat', 1, 2, 3, '15.624275', '7.892499999999999', 1),
(2, 'Gougaram', 2, 2, 3, '18.453153333333333', '7.803356666666668', 1),
(3, 'Dannet', 2, 2, 3, '18.08065', '7.530545000000001', 1),
(4, 'Arlit', 2, 1, 3, '18.73695', '7.381939999999999', 1),
(5, 'Dirkou', 3, 2, 3, '18.994359999999997', '12.893211666666666', 1),
(6, 'Djado', 3, 2, 3, '20.95798333333333', '12.340173333333333', 1),
(7, 'Bilma', 3, 1, 3, '18.68891', '12.923891666666668', 1),
(8, 'Fachi', 3, 2, 3, '18.11261', '11.582606666666667', 1),
(9, 'Timia', 4, 2, 3, '18.11417', '8.780366666666668', 1),
(10, 'Iférouane', 4, 2, 3, '19.0745', '8.420316666666668', 1),
(11, 'Ingal', 5, 2, 3, '16.791501666666665', '6.93377', 1),
(12, 'Dabaga', 6, 2, 3, '17.30836833333333', '8.137765', 1),
(13, 'Tabelot', 6, 2, 3, '17.60030833333333', '8.940241666666667', 1),
(14, 'Tchirozérine', 6, 1, 3, '17.268388333333334', '7.825691666666668', 1),
(15, 'Agadez', 6, 1, 3, '16.985718333333335', '7.989783333333333', 1),
(16, 'Toumour', 7, 2, 3, '13.66723', '13.119550000000004', 1),
(17, 'Bosso', 7, 2, 3, '13.41977', '13.18677', 1),
(18, 'Chétimari', 8, 2, 3, '13.185811666666666', '12.421228333333334', 1),
(19, 'Gueskérou', 8, 2, 3, '13.528519', '12.843018', 1),
(20, 'Diffa', 8, 1, 3, '13.316069999999998', '12.612411666666667', 1),
(21, 'Goudoumaria', 9, 2, 3, '13.709855000000001', '11.183576666666665', 1),
(22, 'Foulatari', 10, 2, 3, '13.548815000000001', '12.057666666666668', 1),
(23, 'N\'guelbely', 10, 2, 3, '13.857688333333332', '11.865038333333333', 1),
(24, 'Mainé soroa', 10, 1, 3, '13.21949', '12.023208333333333', 1),
(25, 'N\'gourti', 11, 2, 3, '15.331375', '13.197631666666666', 1),
(26, 'N\'guigmi', 12, 1, 3, '14.257993333333332', '13.112578333333333', 1),
(27, 'Kablewa', 12, 2, 3, '13.977265', '12.974163333333335', 1),
(28, 'Kankandi', 13, 2, 3, '12.875304999999999', '2.966268333333333', 1),
(29, 'N\'gonga', 13, 2, 3, '13.175575', '2.8282883333333335', 1),
(30, 'Fabidji', 13, 2, 3, '12.91295', '2.8613416666666667', 1),
(31, 'Birnin gaouré', 13, 1, 3, '13.08608833333333', '2.8926466666666664', 1),
(32, 'Kiota', 13, 2, 3, '13.297636666666666', '2.9573033333333334', 1),
(33, 'Harikanassou', 13, 2, 3, '13.257298333333331', '2.8374683333333333', 1),
(34, 'Koygolo', 13, 2, 3, '13.478543333333334', '3.0074433333333332', 1),
(35, 'Fakara', 13, 2, 3, '13.161116666666665', '2.52176', 1),
(36, 'Zabori', 14, 2, 3, '12.704931666666669', '3.5585850000000003', 1),
(37, 'Dioundiou', 14, 2, 3, '12.617875', '3.5446499999999994', 1),
(38, 'Karakara', 14, 2, 3, '12.7948476', '3.639514100000042', 1),
(39, 'Dogonkiria', 15, 2, 3, '14.05459', '4.354415', 1),
(40, 'Dan kassari', 15, 2, 3, '13.723633333333332', '4.389431666666667', 1),
(41, 'Kiéche', 15, 2, 3, '13.480514999999999', '4.00399', 1),
(42, 'Dogondoutchi', 15, 1, 3, '13.639473333333335', '4.033666666666666', 1),
(43, 'Matankari', 15, 2, 3, '13.770540000000002', '4.005878333333333', 1),
(44, 'Soukoukoutane', 15, 2, 3, '14.187129999999998', '3.8926799999999995', 1),
(45, 'Golle', 16, 2, 3, '12.855478333333334', '3.0069799999999995', 1),
(46, 'Dosso', 16, 1, 3, '13.02608', '3.1181999', 1),
(47, 'Mokko', 16, 2, 3, '13.17249931', '3.269832254', 1),
(48, 'Tessa', 16, 2, 3, '12.769625', '3.4020100000000006', 1),
(49, 'Farey', 16, 2, 3, '12.526964999999999', '3.318083333333333', 1),
(50, 'Sambera', 16, 2, 3, '12.405625000000002', '3.0536249999999994', 1),
(51, 'Garankedey', 16, 2, 3, '13.281226666666665', '3.1040983333333334', 1),
(52, 'Tombokoirey 1', 16, 2, 3, '13.042819999999999', '3.2094783333333328', 1),
(53, 'Tombokoirey 2', 16, 2, 3, '13.043559999999998', '3.2128233333333336', 1),
(54, 'Goroubankassam', 16, 2, 3, '13.010851666666667', '3.1976066666666667', 1),
(55, 'Kargui bangou', 16, 2, 3, '12.954188333333331', '3.507648333333334', 1),
(56, 'Guiladje', 17, 2, 3, '12.620186666666665', '2.905356666666667', 1),
(57, 'Falmey', 17, 2, 3, '12.603573333333335', '2.8544366666666665', 1),
(58, 'Yelou', 18, 2, 3, '12.793828333333332', '3.6398366666666666', 1),
(59, 'Bana', 18, 2, 3, '12.050853333333334', '3.5509133333333334', 1),
(60, 'Tounouga', 18, 2, 3, '11.796261666666664', '3.6174033333333333', 1),
(61, 'Gaya', 18, 1, 3, '11.886928333333334', '3.4557883333333335', 1),
(62, 'Tanda', 18, 2, 3, '11.983418333333335', '3.3209233333333334', 1),
(63, 'Bengou', 18, 2, 3, '11.9889213', '3.593925399999989', 1),
(64, 'Loga', 19, 1, 3, '13.607997568', '3.234832394', 1),
(65, 'Sokorbe', 19, 2, 3, '13.499998', '3.1833326', 1),
(66, 'Falwel', 19, 2, 3, '13.518831258', '3.59083097', 1),
(67, 'Kore mairoua', 20, 2, 3, '13.296609999999998', '3.90488', 1),
(68, 'Tibiri doutchi', 20, 2, 3, '13.120388333333334', '3.9939183333333337', 1),
(69, 'Doumega', 20, 2, 3, '12.970061666666668', '3.973171666666667', 1),
(70, 'Guechemé', 20, 2, 3, '12.903944999999998', '3.8724266666666667', 1),
(71, 'Aguie', 21, 1, 3, '13.504966666666666', '7.78369', 1),
(72, 'Tchadoua', 21, 2, 3, '13.550271666666667', '7.458606666666666', 1),
(73, 'Bermo', 22, 1, 3, '15.148023333333333', '6.816956666666666', 1),
(74, 'Gadabedji', 22, 2, 3, '14.979540000000002', '7.154651666666666', 1),
(75, 'Sabon machi', 23, 2, 3, '13.867008333333334', '6.980096666666666', 1),
(76, 'Dan goulbi', 23, 2, 3, '13.963913333333334', '6.554226666666667', 1),
(77, 'Maiyara', 23, 2, 3, '13.937896666666665', '7.215623333333334', 1),
(78, 'Birni lallé', 23, 2, 3, '14.427209999999999', '6.763428333333334', 1),
(79, 'Dakoro', 23, 1, 3, '14.524685', '6.7722050000000005', 1),
(80, 'Korahane', 23, 2, 3, '14.56012', '6.568684999999999', 1),
(81, 'Tagriss', 23, 2, 3, '14.714085', '7.518906666666667', 1),
(82, 'Bader goula', 23, 2, 3, '14.661713333333333', '7.233211666666667', 1),
(83, 'Kornaka', 23, 2, 3, '14.091258333333334', '6.901006666666666', 1),
(84, 'Adjekoria', 23, 2, 3, '14.335059999999999', '6.7890283333333326', 1),
(85, 'Azagor', 23, 2, 3, '14.642553333333334', '6.888258333333333', 1),
(86, 'Roumbou 1', 23, 2, 3, '14.701668333333336', '6.988663333333333', 1),
(87, 'Gangara_aguie', 24, 2, 3, '13.427475', '7.840143333333333', 1),
(88, 'Gazaoua', 24, 2, 3, '13.529948333333333', '7.918453333333334', 1),
(89, 'Guidan sori', 25, 2, 3, '13.54105', '6.882396666666667', 1),
(90, 'Guidan roumdji', 25, 1, 3, '13.658264999999998', '6.6867350000000005', 1),
(91, 'Chadakori', 25, 2, 3, '13.669248333333334', '6.991771666666667', 1),
(92, 'Tibiri maradi', 25, 2, 3, '13.566911666666666', '7.069898333333333', 1),
(93, 'Sae saboua', 25, 2, 3, '13.572081666666667', '7.3626966666666664', 1),
(94, 'Djiratawa', 26, 2, 3, '13.42032', '7.163711666666668', 1),
(95, 'Dan issa', 26, 2, 3, '13.224225', '7.259545000000001', 1),
(96, 'Gabi', 26, 2, 3, '13.238045', '7.04415', 1),
(97, 'Safo', 26, 2, 3, '13.408228333333334', '7.11456', 1),
(98, 'Sarkin yamma', 26, 2, 3, '13.4219', '6.981691666666667', 1),
(99, 'Madarounfa', 26, 1, 3, '13.296006666666665', '7.164158333333334', 1),
(100, 'Attantane', 27, 2, 3, '14.043758333333335', '7.522188333333334', 1),
(101, 'Tchake', 27, 2, 3, '14.150368333333331', '7.603761666666666', 1),
(102, 'Sarkin haoussa', 27, 2, 3, '13.843723333333333', '7.587871666666667', 1),
(103, 'Mayahi', 27, 1, 3, '13.944065', '7.669335000000001', 1),
(104, 'Kanan bakache', 27, 2, 3, '13.869156666666667', '7.8264483333333335', 1),
(105, 'El allassane maireyrey', 27, 2, 3, '14.133466666666667', '7.788756666666666', 1),
(106, 'Guidan amoumoune', 27, 2, 3, '14.260108333333335', '7.386808333333333', 1),
(107, 'Issawane', 27, 2, 3, '14.005761666666668', '7.918030000000001', 1),
(108, 'Korgom', 28, 2, 3, '13.435835', '8.231969999999999', 1),
(109, 'Hawandawaki', 28, 2, 3, '13.34274', '8.239816666666666', 1),
(110, 'Baoudetta', 28, 2, 3, '13.623918333333332', '8.103758333333333', 1),
(111, 'Ourafane', 28, 2, 3, '14.068116666666667', '8.132176666666668', 1),
(112, 'Maijirgui', 28, 2, 3, '13.738113333333335', '8.141106666666667', 1),
(113, 'Koona', 28, 2, 3, '13.544488333333334', '8.047721666666666', 1),
(114, 'Tessaoua', 28, 1, 3, '13.754953333333333', '7.993815000000001', 1),
(115, 'Maradi arrondissement 2', 29, 1, 2, '13.505334999999999', '7.119249999999999', 1),
(116, 'Maradi arrondissement 3', 29, 1, 2, '13.486836666666667', '7.103175000000001', 1),
(117, 'Maradi arrondissement 1', 29, 1, 2, '13.506531666666667', '7.106826666666666', 1),
(118, 'ville de Maradi', 29, 1, 1, '13.491974999999998', '7.1065', 1),
(119, 'Niamey arrondissement 5', 30, 1, 2, '13.490651666666668', '2.0989', 1),
(120, 'Niamey arrondissement 3', 30, 1, 2, '13.505018333333332', '2.1341483333333335', 1),
(121, 'Niamey arrondissement 4', 30, 1, 2, '13.494661666666666', '2.138676666666667', 1),
(122, 'Niamey arrondissement 1', 30, 1, 2, '13.534571666666666', '2.089561666666667', 1),
(123, 'ville de Niamey', 30, 1, 1, '13.513371666666668', '2.1086416666666663', 1),
(124, 'Niamey arrondissement 2', 30, 1, 2, '13.507164638', '2.104666248', 1),
(125, 'Tamaya', 31, 2, 3, '15.814983333333332', '6.758035', 1),
(126, 'Akoubounou', 31, 2, 3, '15.360123333333336', '6.096869999999999', 1),
(127, 'Abalak', 31, 1, 1, '15.456273333333336', '6.275360000000001', 1),
(128, 'Tabalak', 31, 2, 3, '15.107996666666669', '5.666663333333334', 1),
(129, 'Azeye', 31, 2, 3, '15.456323333333334', '6.275346666666667', 1),
(130, 'Bagaroua', 32, 2, 3, '14.644651666666668', '4.347428333333334', 1),
(131, 'Tsernaoua', 33, 2, 3, '13.899456666666667', '5.347966666666667', 1),
(132, 'Bazaga', 33, 2, 3, '13.786428333333333', '5.101751666666667', 1),
(133, 'Allela', 33, 2, 3, '13.915294999999999', '4.823283333333333', 1),
(134, 'Birnin konni', 33, 1, 3, '13.799901666666665', '5.246998333333333', 1),
(135, 'Tabotaki', 34, 2, 3, '14.616126666666666', '6.1572450000000005', 1),
(136, 'Babankatami', 34, 2, 3, '14.529768333333333', '6.258218333333334', 1),
(137, 'Karofane', 34, 2, 3, '14.314216666666669', '6.158526666666668', 1),
(138, 'Tama', 34, 2, 3, '14.267296666666669', '5.768833333333333', 1),
(139, 'Deoule', 34, 2, 3, '14.431646666666666', '6.035238333333333', 1),
(140, 'Allakeye', 34, 2, 3, '14.404555', '5.746748333333333', 1),
(141, 'Bouza', 34, 1, 3, '14.509144', '5.976563', 1),
(142, 'Tajae', 35, 2, 3, '14.226936666666665', '5.300806666666667', 1),
(143, 'Badaguichiri', 35, 2, 3, '14.515625', '5.367965', 1),
(144, 'Illéla', 35, 1, 3, '14.457413333333333', '5.253010000000001', 1),
(145, 'Obohamane', 36, 2, 3, '14.792426666666666', '5.925131666666665', 1),
(146, 'Garhanga', 36, 2, 3, '14.619066666666667', '5.937638333333332', 1),
(147, 'Keita', 36, 1, 3, '14.75632', '5.7663383333333345', 1),
(148, 'Tamaske', 36, 2, 3, '14.756253333333332', '5.766396666666666', 1),
(149, 'Sabon guida', 37, 2, 3, '13.946526666666667', '5.902271666666667', 1),
(150, 'Galma koudawatche', 37, 2, 3, '14.089051666666668', '5.800820000000001', 1),
(151, 'Azarori', 37, 2, 3, '14.133706666666667', '5.906768333333334', 1),
(152, 'Madaoua', 37, 1, 3, '14.0748889', '5.9531089', 1),
(153, 'Ourno', 37, 2, 3, '14.296936666666666', '6.439308333333334', 1),
(154, 'Bangui', 37, 2, 3, '13.683648333333334', '6.194356666666666', 1),
(155, 'Malbaza', 38, 1, 3, '13.964730000000001', '5.505928333333332', 1),
(156, 'Doguerawa', 38, 2, 3, '13.962', '5.5851733333333335', 1),
(157, 'Tahoua arrondissement 2', 39, 1, 2, '14.89269', '5.260094999999999', 1),
(158, 'Affala', 39, 2, 3, '15.116093333333334', '5.241441666666666', 1),
(159, 'Barmou', 39, 2, 3, '15.094613333333333', '5.404918333333334', 1),
(160, 'Takanamat', 39, 2, 3, '15.139955000000002', '4.787216666666667', 1),
(161, 'Bambeye', 39, 2, 3, '14.717780000000001', '5.094575000000001', 1),
(162, 'Tebaram', 39, 2, 3, '14.831466666666666', '4.452093333333334', 1),
(163, 'Kalfou', 39, 2, 3, '14.869866666666667', '5.518721666666666', 1),
(164, 'Tassara', 40, 2, 3, '16.7999968', '5.6499974', 1),
(165, 'Tchintabaraden', 41, 1, 3, '15.897373333333332', '5.805414999999999', 1),
(166, 'Kao', 41, 2, 3, '15.405106666666665', '5.726575', 1),
(167, 'Tillia', 42, 2, 3, '16.1166662', '4.7833302', 1),
(168, 'Ville de Tahoua', 43, 1, 1, '14.891576666666667', '5.2707016666666675', 1),
(169, 'Tahoua arrondissement 1', 43, 1, 2, '14.883816666666666', '5.272581666666667', 1),
(170, 'Sanam', 44, 2, 3, '14.831880000000002', '3.907841666666667', 1),
(171, 'Abala', 44, 2, 3, '14.934493333333334', '3.4361716666666666', 1),
(172, 'Inates', 45, 2, 3, '14.734563333333332', '0.9147266666666667', 1),
(173, 'Ayerou', 45, 2, 3, '14.736745', '0.9373400000000001', 1),
(174, 'Tagazar', 46, 2, 3, '13.751496994', '2.975662764', 1),
(175, 'Banibangou', 47, 2, 3, '15.045515', '2.69993', 1),
(176, 'Bankilare', 48, 2, 3, '14.575398333333332', '0.7275283333333333', 1),
(177, 'Tondikandia', 49, 2, 3, '14.02583323', '2.857996568', 1),
(178, 'Kourfeye centre', 49, 2, 3, '14.240641666666667', '3.4462333333333333', 1),
(179, 'Filingué/kourfeye', 49, 1, 3, '14.348846666666669', '3.3262416666666668', 1),
(180, 'Imanan', 49, 2, 3, '14.008933333333335', '3.2133933333333338', 1),
(181, 'Gotheye', 50, 1, 3, '13.1405876', '2.3367493', 1),
(182, 'Dargol', 50, 2, 3, '13.91542', '1.23517', 1),
(183, 'Dantchandou', 51, 2, 3, '13.415726666666668', '2.7584916666666666', 1),
(184, 'Kirtachi', 51, 2, 3, '12.804746666666665', '2.473405', 1),
(185, 'Bitinkodji', 51, 2, 3, '13.577055', '1.9585733333333333', 1),
(186, 'Kollo', 51, 1, 3, '13.33638', '2.31825', 1),
(187, 'Youri', 51, 2, 3, '13.330771666666665', '2.247313333333333', 1),
(188, 'Namaro', 51, 2, 3, '13.697843333333333', '1.7027933333333332', 1),
(189, 'N\'dounga', 51, 2, 3, '13.350128333333336', '2.2501466666666667', 1),
(190, 'Liboré', 51, 2, 3, '13.427573333333331', '2.17134', 1),
(191, 'Karma', 51, 2, 3, '13.682301666666667', '1.8171049999999997', 1),
(192, 'Kouré', 51, 2, 3, '13.312923333333334', '2.578971666666667', 1),
(193, 'Hamdalleye', 51, 2, 3, '13.559641666666668', '2.4037283333333335', 1),
(194, 'Tondikiwindi', 52, 2, 3, '14.458163333333335', '2.030955', 1),
(195, 'Ouallam', 52, 1, 3, '14.313636666666666', '2.08744', 1),
(196, 'Simiri', 52, 2, 3, '14.135895000000001', '2.132166666666667', 1),
(197, 'Dingazi', 52, 2, 3, '14.184685000000002', '2.552086666666667', 1),
(198, 'Say', 53, 1, 3, '13.098496666666666', '2.355101666666666', 1),
(199, 'Tamou', 53, 2, 3, '12.751261666666668', '2.1755583333333335', 1),
(200, 'Ouro gueladjo', 53, 2, 3, '13.093518333333334', '2.0078866666666664', 1),
(201, 'Mehana', 54, 2, 3, '14.392461666666668', '1.1249116666666665', 1),
(202, 'Kokorou', 54, 2, 3, '14.207248333333332', '0.9262466666666668', 1),
(203, 'Diagourou', 54, 2, 3, '13.906928333333333', '0.8112183333333333', 1),
(204, 'Gorouol', 54, 2, 3, '14.652271666666666', '0.5337516666666667', 1),
(205, 'Téra', 54, 1, 3, '14.005321666666669', '0.750845', 1),
(206, 'Dessa', 55, 2, 3, '14.519071666666665', '1.1169616666666669', 1),
(207, 'Tillabéri', 55, 1, 3, '14.207506666666665', '1.449385', 1),
(208, 'Sinder', 55, 1, 3, '14.269835', '1.333575', 1),
(209, 'Anzourou', 55, 2, 3, '14.508363333333334', '1.2264566666666668', 1),
(210, 'Bibiyergou', 55, 2, 3, '14.441748333333331', '1.2174866666666666', 1),
(211, 'Sakoira', 55, 2, 3, '14.28833', '1.4012733333333334', 1),
(212, 'Kourteye', 55, 2, 3, '13.852775000000001', '1.6117166666666667', 1),
(213, 'Torodi', 56, 2, 3, '13.1166662', '1.7999968', 1),
(214, 'Makalondi', 56, 2, 3, '12.8330556', '1.6925', 1),
(215, 'Tarka', 57, 2, 3, '14.685273333333335', '8.006793333333333', 1),
(216, 'Damagaram takaya', 58, 2, 3, '14.1392279', '9.4849065', 1),
(217, 'Mazamni', 58, 2, 3, '13.983686666666665', '9.4321', 1),
(218, 'Guidimouni', 58, 2, 3, '13.693781666666666', '9.513209999999999', 1),
(219, 'Albarkaram', 58, 2, 3, '13.9760197', '9.2798767', 1),
(220, 'Moa', 58, 2, 3, '14.164848333333335', '9.75646', 1),
(221, 'Wamé', 58, 2, 3, '14.1499994', '9.1833326', 1),
(222, 'Dogo dogo', 59, 2, 3, '12.899541666666668', '9.320138333333334', 1),
(223, 'Dungass', 59, 2, 3, '13.059733333333334', '9.335698333333333', 1),
(224, 'Gouchi', 59, 2, 3, '13.508843333333335', '9.54879', 1),
(225, 'Malawa', 59, 2, 3, '13.03263', '9.618686666666667', 1),
(226, 'Alakos', 60, 2, 3, '14.479351666666666', '9.683485', 1),
(227, 'Guidiguir', 60, 2, 3, '13.676790000000002', '9.82611', 1),
(228, 'Kellé', 60, 2, 3, '14.276083333333334', '10.1198', 1),
(229, 'Gamou', 60, 2, 3, '14.221026666666667', '9.97843', 1),
(230, 'Bouné', 60, 2, 3, '13.520266666666664', '10.141539999999999', 1),
(231, 'Gouré', 60, 1, 3, '13.988394999999999', '10.270346666666667', 1),
(232, 'Kanche', 61, 2, 3, '13.528591666666667', '8.462885', 1),
(233, 'Doungou', 61, 2, 3, '13.416660000000002', '8.633196666666667', 1),
(234, 'Dan barto', 61, 2, 3, '13.201688333333333', '8.325643333333334', 1),
(235, 'Matamey', 61, 1, 3, '13.42802', '8.470558333333335', 1),
(236, 'Daouché', 61, 2, 3, '13.420345000000001', '8.345835', 1),
(237, 'Kourni', 61, 2, 3, '13.222578333333335', '8.456996666666667', 1),
(238, 'Tsaouni', 61, 2, 3, '13.340576666666667', '8.444926666666667', 1),
(239, 'Yaouri', 61, 2, 3, '13.260201666666667', '8.566068333333334', 1),
(240, 'Ichirnawa', 61, 2, 3, '13.497378333333332', '8.551393333333333', 1),
(241, 'Wacha', 62, 2, 3, '13.355271666666665', '9.297381666666666', 1),
(242, 'Dantchiao', 62, 2, 3, '12.879526666666667', '9.093718333333333', 1),
(243, 'Bande', 62, 2, 3, '13.177593333333334', '8.885446666666667', 1),
(244, 'Yekoua', 62, 2, 3, '13.03995', '8.675626666666666', 1),
(245, 'Kwaya', 62, 2, 3, '13.193226666666666', '8.648335', 1),
(246, 'Sassoumbroum', 62, 2, 3, '13.120095', '8.488538333333334', 1),
(247, 'Magaria', 62, 1, 3, '12.994145', '8.911914999999999', 1),
(248, 'Gaffati', 63, 2, 3, '13.831175', '9.10933', 1),
(249, 'Zermo', 63, 2, 3, '13.868326666666666', '9.317081666666667', 1),
(250, 'Mirriah', 63, 1, 3, '13.712885000000002', '9.160081666666667', 1),
(251, 'Hamdara', 63, 2, 3, '13.676036666666668', '9.470633333333334', 1),
(252, 'Dogo', 63, 2, 3, '13.499785000000001', '9.012878333333333', 1),
(253, 'Gouna', 63, 2, 3, '13.584956666666669', '9.123304999999998', 1),
(254, 'Droum', 63, 2, 3, '13.571864999999999', '8.895295', 1),
(255, 'Kolleram', 63, 2, 3, '13.719743333333334', '9.08649', 1),
(256, 'Tirmini', 64, 2, 3, '13.770704999999998', '8.793418333333333', 1),
(257, 'Dakoussa', 64, 2, 3, '13.970121666666667', '9.034455000000001', 1),
(258, 'Garagoumsa', 64, 2, 3, '13.680743333333332', '8.536158333333333', 1),
(259, 'Gangara tanout', 65, 2, 3, '14.616211666666667', '8.506939999999998', 1),
(260, 'Tenhya', 65, 2, 3, '14.974563333333332', '8.882698333333334', 1),
(261, 'Ollelewa', 65, 2, 3, '14.501214999999998', '8.637535000000002', 1),
(262, 'Falenko', 65, 2, 3, '14.258675000000002', '8.537978333333333', 1),
(263, 'Tanout', 65, 1, 3, '14.978485000000001', '8.895506666666668', 1),
(264, 'Tesker', 66, 2, 3, '15.113883333333336', '10.694948333333333', 1),
(265, 'Zinder arrondissement 5', 67, 2, 2, '13.710231666666667', '9.023824999999999', 1),
(266, 'Zinder arrondissement 2', 67, 1, 2, '13.822363333333332', '8.99517', 1),
(267, 'Zinder arrondissement 3', 67, 1, 2, '13.823531666666668', '8.981205', 1),
(268, 'Zinder arrondissement 4', 67, 1, 2, '13.810363333333331', '8.975453333333332', 1),
(269, 'Zinder arrondissement 1', 67, 1, 2, '13.800049999999999', '9.003981666666666', 1),
(270, 'Ville de Zinder', 67, 1, 1, '13.80495', '8.98691', 1);

-- --------------------------------------------------------

--
-- Structure de la table `departement`
--

CREATE TABLE `departement` (
  `id` bigint(20) NOT NULL,
  `libelle` varchar(255) NOT NULL,
  `id_region` bigint(20) NOT NULL,
  `valide` int(11) NOT NULL DEFAULT '1'
) ENGINE=MyISAM DEFAULT CHARSET=latin1;

--
-- Déchargement des données de la table `departement`
--

INSERT INTO `departement` (`id`, `libelle`, `id_region`, `valide`) VALUES
(1, 'Aderbissinat', 1, 1),
(2, 'Arlit', 1, 1),
(3, 'Bilma', 1, 1),
(4, 'Iférouane', 1, 1),
(5, 'Ingal', 1, 1),
(6, 'Tchirozérine', 1, 1),
(7, 'Bosso', 2, 1),
(8, 'Diffa', 2, 1),
(9, 'Goudoumaria', 2, 1),
(10, 'Mainé soroa', 2, 1),
(11, 'N\'gourti', 2, 1),
(12, 'N\'guigmi', 2, 1),
(13, 'Boboye', 3, 1),
(14, 'Dioundiou', 3, 1),
(15, 'Dogondoutchi', 3, 1),
(16, 'Dosso', 3, 1),
(17, 'Falmey', 3, 1),
(18, 'Gaya', 3, 1),
(19, 'Loga', 3, 1),
(20, 'Tibiri doutchi', 3, 1),
(21, 'Aguie', 4, 1),
(22, 'Bermo', 4, 1),
(23, 'Dakoro', 4, 1),
(24, 'Gazaoua', 4, 1),
(25, 'Guidan roumdji', 4, 1),
(26, 'Madarounfa', 4, 1),
(27, 'Mayahi', 4, 1),
(28, 'Tessaoua', 4, 1),
(29, 'ville de Maradi', 4, 1),
(30, 'ville de Niamey', 5, 1),
(31, 'Abalak', 6, 1),
(32, 'Bagaroua', 6, 1),
(33, 'Birnin konni', 6, 1),
(34, 'Bouza', 6, 1),
(35, 'Illela', 6, 1),
(36, 'Keita', 6, 1),
(37, 'Madaoua', 6, 1),
(38, 'Malbaza', 6, 1),
(39, 'Tahoua', 6, 1),
(40, 'Tassara', 6, 1),
(41, 'Tchintabaraden', 6, 1),
(42, 'Tillia', 6, 1),
(43, 'ville de Tahoua', 6, 1),
(44, 'Abala', 7, 1),
(45, 'Ayérou', 7, 1),
(46, 'Balleyara', 7, 1),
(47, 'Banibangou', 7, 1),
(48, 'Bankilare', 7, 1),
(49, 'Filingué', 7, 1),
(50, 'Gotheye', 7, 1),
(51, 'Kollo', 7, 1),
(52, 'Ouallam', 7, 1),
(53, 'Say', 7, 1),
(54, 'Téra', 7, 1),
(55, 'Tillabéri', 7, 1),
(56, 'Torodi', 7, 1),
(57, 'Belbedji', 8, 1),
(58, 'Damagaram takaya', 8, 1),
(59, 'Dungass', 8, 1),
(60, 'Gouré', 8, 1),
(61, 'Kantché', 8, 1),
(62, 'Magaria', 8, 1),
(63, 'Mirriah', 8, 1),
(64, 'Takeita', 8, 1),
(65, 'Tanout', 8, 1),
(66, 'Tesker', 8, 1),
(67, 'ville de Zinder', 8, 1);

-- --------------------------------------------------------

--
-- Structure de la table `motif_abandon`
--

CREATE TABLE `motif_abandon` (
  `id` bigint(20) NOT NULL,
  `libelle` varchar(255) NOT NULL,
  `valide` int(11) NOT NULL DEFAULT '1'
) ENGINE=MyISAM DEFAULT CHARSET=latin1;

--
-- Déchargement des données de la table `motif_abandon`
--

INSERT INTO `motif_abandon` (`id`, `libelle`, `valide`) VALUES
(1, 'Problème financier', 1),
(2, 'Mariage', 1),
(3, 'Problème de santé', 1),
(4, 'Zone réculée', 1),
(5, 'Insécurité', 1);

-- --------------------------------------------------------

--
-- Structure de la table `niveau_etude`
--

CREATE TABLE `niveau_etude` (
  `id` bigint(20) NOT NULL,
  `libelle` varchar(255) NOT NULL,
  `valide` int(11) NOT NULL DEFAULT '1'
) ENGINE=MyISAM DEFAULT CHARSET=latin1;

--
-- Déchargement des données de la table `niveau_etude`
--

INSERT INTO `niveau_etude` (`id`, `libelle`, `valide`) VALUES
(1, 'Primaire', 1),
(2, 'Collège', 1),
(3, 'Lycée', 1);

-- --------------------------------------------------------

--
-- Structure de la table `region`
--

CREATE TABLE `region` (
  `id` bigint(20) NOT NULL,
  `libelle` varchar(255) NOT NULL,
  `valide` int(11) NOT NULL DEFAULT '1'
) ENGINE=MyISAM DEFAULT CHARSET=latin1;

--
-- Déchargement des données de la table `region`
--

INSERT INTO `region` (`id`, `libelle`, `valide`) VALUES
(1, 'Agadez', 1),
(2, 'Diffa', 1),
(3, 'Dosso', 1),
(4, 'Maradi', 1),
(5, 'Niamey', 1),
(6, 'Tahoua', 1),
(7, 'Tillabéri', 1),
(8, 'Zinder', 1);

-- --------------------------------------------------------

--
-- Structure de la table `skill`
--

CREATE TABLE `skill` (
  `id` bigint(20) NOT NULL,
  `libelle` varchar(255) NOT NULL,
  `valide` int(11) NOT NULL DEFAULT '1'
) ENGINE=MyISAM DEFAULT CHARSET=latin1;

--
-- Déchargement des données de la table `skill`
--

INSERT INTO `skill` (`id`, `libelle`, `valide`) VALUES
(1, 'Mathématiques', 1),
(2, 'Anglais', 1),
(3, 'Histoire', 1),
(4, 'Géographie', 1),
(5, 'SVT', 1),
(6, 'Physique chimie', 1),
(7, 'Français', 1),
(8, 'Informatique', 1),
(9, 'Biologie', 1),
(10, 'Géologie', 1);

-- --------------------------------------------------------

--
-- Structure de la table `study_level`
--

CREATE TABLE `study_level` (
  `id` bigint(20) NOT NULL,
  `libelle` varchar(255) NOT NULL,
  `valide` int(11) NOT NULL DEFAULT '1'
) ENGINE=MyISAM DEFAULT CHARSET=latin1;

--
-- Déchargement des données de la table `study_level`
--

INSERT INTO `study_level` (`id`, `libelle`, `valide`) VALUES
(1, 'BEPC', 1),
(2, 'BAC', 1),
(3, 'BAC+1', 1),
(4, 'BAC+2', 1),
(5, 'BAC+3', 1),
(6, 'BAC+4', 1),
(7, 'BAC+5', 1),
(8, 'Supérieur à BAC+5', 1);

-- --------------------------------------------------------

--
-- Structure de la table `target`
--

CREATE TABLE `target` (
  `id` bigint(20) NOT NULL,
  `first_name` varchar(255) NOT NULL,
  `last_name` varchar(255) NOT NULL,
  `birth_date` date NOT NULL,
  `birth_town` varchar(255) NOT NULL,
  `living_town` bigint(20) NOT NULL,
  `status` int(20) NOT NULL,
  `phone_number` varchar(255) NOT NULL,
  `study_level` bigint(20) NOT NULL,
  `class_level` bigint(20) NOT NULL,
  `reason_of_waiver` bigint(20) NOT NULL,
  `comment` text,
  `created_at` datetime NOT NULL,
  `valide` int(11) NOT NULL DEFAULT '1'
) ENGINE=MyISAM DEFAULT CHARSET=latin1;

--
-- Déchargement des données de la table `target`
--

INSERT INTO `target` (`id`, `first_name`, `last_name`, `birth_date`, `birth_town`, `living_town`, `status`, `phone_number`, `study_level`, `class_level`, `reason_of_waiver`, `comment`, `created_at`, `valide`) VALUES
(1, 'Ibrahim Boubacar', 'Fatima', '2006-03-14', 'Tchinta', 165, 1, '80276047', 2, 8, 2, NULL, '2019-04-27 00:00:00', 1),
(2, 'Issoufou Mahamadou', 'Sakina', '2005-01-12', 'Goudoumaria', 7, 1, '90225515', 2, 9, 1, 'J\'ai abandonné l\'école parce que j\'ai perdu mes parents et j\'avais pas de moyens pour continuer les études', '2019-04-27 00:00:00', 1);

-- --------------------------------------------------------

--
-- Structure de la table `volunteer`
--

CREATE TABLE `volunteer` (
  `id` bigint(20) NOT NULL,
  `first_name` varchar(255) NOT NULL,
  `last_name` varchar(255) NOT NULL,
  `birth_date` date NOT NULL,
  `birth_town` varchar(255) NOT NULL,
  `living_town` bigint(20) NOT NULL,
  `phone_number` varchar(255) NOT NULL,
  `study_level` bigint(20) NOT NULL,
  `job` varchar(255) NOT NULL,
  `skills` varchar(255) NOT NULL,
  `comment` text,
  `created_at` datetime NOT NULL,
  `valide` int(11) NOT NULL DEFAULT '1'
) ENGINE=MyISAM DEFAULT CHARSET=latin1;

--
-- Déchargement des données de la table `volunteer`
--

INSERT INTO `volunteer` (`id`, `first_name`, `last_name`, `birth_date`, `birth_town`, `living_town`, `phone_number`, `study_level`, `job`, `skills`, `comment`, `created_at`, `valide`) VALUES
(1, 'Ali Tassiou', 'Abass', '2009-02-04', 'Goudoumaria', 6, '90225515', 4, 'Enseignant', '1-6', 'RAS', '2019-04-27 00:00:00', 1);

--
-- Index pour les tables déchargées
--

--
-- Index pour la table `classe`
--
ALTER TABLE `classe`
  ADD PRIMARY KEY (`id`);

--
-- Index pour la table `motif_abandon`
--
ALTER TABLE `motif_abandon`
  ADD PRIMARY KEY (`id`);

--
-- Index pour la table `niveau_etude`
--
ALTER TABLE `niveau_etude`
  ADD PRIMARY KEY (`id`);

--
-- Index pour la table `skill`
--
ALTER TABLE `skill`
  ADD PRIMARY KEY (`id`);

--
-- Index pour la table `study_level`
--
ALTER TABLE `study_level`
  ADD PRIMARY KEY (`id`);

--
-- Index pour la table `target`
--
ALTER TABLE `target`
  ADD PRIMARY KEY (`id`);

--
-- Index pour la table `volunteer`
--
ALTER TABLE `volunteer`
  ADD PRIMARY KEY (`id`);

--
-- AUTO_INCREMENT pour les tables déchargées
--

--
-- AUTO_INCREMENT pour la table `classe`
--
ALTER TABLE `classe`
  MODIFY `id` bigint(20) NOT NULL AUTO_INCREMENT, AUTO_INCREMENT=15;
--
-- AUTO_INCREMENT pour la table `motif_abandon`
--
ALTER TABLE `motif_abandon`
  MODIFY `id` bigint(20) NOT NULL AUTO_INCREMENT, AUTO_INCREMENT=6;
--
-- AUTO_INCREMENT pour la table `niveau_etude`
--
ALTER TABLE `niveau_etude`
  MODIFY `id` bigint(20) NOT NULL AUTO_INCREMENT, AUTO_INCREMENT=4;
--
-- AUTO_INCREMENT pour la table `skill`
--
ALTER TABLE `skill`
  MODIFY `id` bigint(20) NOT NULL AUTO_INCREMENT, AUTO_INCREMENT=11;
--
-- AUTO_INCREMENT pour la table `study_level`
--
ALTER TABLE `study_level`
  MODIFY `id` bigint(20) NOT NULL AUTO_INCREMENT, AUTO_INCREMENT=9;
--
-- AUTO_INCREMENT pour la table `target`
--
ALTER TABLE `target`
  MODIFY `id` bigint(20) NOT NULL AUTO_INCREMENT, AUTO_INCREMENT=3;
--
-- AUTO_INCREMENT pour la table `volunteer`
--
ALTER TABLE `volunteer`
  MODIFY `id` bigint(20) NOT NULL AUTO_INCREMENT, AUTO_INCREMENT=2;COMMIT;

/*!40101 SET CHARACTER_SET_CLIENT=@OLD_CHARACTER_SET_CLIENT */;
/*!40101 SET CHARACTER_SET_RESULTS=@OLD_CHARACTER_SET_RESULTS */;
/*!40101 SET COLLATION_CONNECTION=@OLD_COLLATION_CONNECTION */;
